-- phpMyAdmin SQL Dump
-- version 4.7.7
-- https://www.phpmyadmin.net/
--
-- Host: localhost:3306
-- Generation Time: Jun 02, 2018 at 12:12 PM
-- Server version: 10.1.32-MariaDB
-- PHP Version: 5.6.30

SET SQL_MODE = "NO_AUTO_VALUE_ON_ZERO";
SET AUTOCOMMIT = 0;
START TRANSACTION;
SET time_zone = "+00:00";


/*!40101 SET @OLD_CHARACTER_SET_CLIENT=@@CHARACTER_SET_CLIENT */;
/*!40101 SET @OLD_CHARACTER_SET_RESULTS=@@CHARACTER_SET_RESULTS */;
/*!40101 SET @OLD_COLLATION_CONNECTION=@@COLLATION_CONNECTION */;
/*!40101 SET NAMES utf8mb4 */;

--
-- Database: `tomeaste_device_manager`
--

-- --------------------------------------------------------

--
-- Table structure for table `pmt_devices`
--

CREATE TABLE `pmt_devices` (
  `device_id` int(11) NOT NULL,
  `device_name` varchar(100) NOT NULL,
  `device_type` int(11) NOT NULL,
  `user_id` int(11) NOT NULL,
  `activated` varchar(45) DEFAULT NULL,
  `created_on` timestamp NOT NULL DEFAULT CURRENT_TIMESTAMP ON UPDATE CURRENT_TIMESTAMP
) ENGINE=InnoDB DEFAULT CHARSET=utf8;

--
-- Dumping data for table `pmt_devices`
--

INSERT INTO `pmt_devices` (`device_id`, `device_name`, `device_type`, `user_id`, `activated`, `created_on`) VALUES
(1, 'David fridge', 4, 2, 'no', '2018-05-08 13:04:14'),
(2, 'Renza TV', 7, 1, 'no', '2018-05-08 13:04:14'),
(3, 'Connor energy', 1, 3, 'yes', '2018-05-08 13:04:14'),
(4, 'Connor heating', 5, 3, 'yes', '2018-05-08 13:04:14'),
(5, 'Connor lights', 6, 3, 'yes', '2018-05-08 13:04:14'),
(6, 'Connor gas', 2, 3, 'yes', '2018-05-08 13:04:14'),
(7, 'Connor water', 3, 3, 'yes', '2018-05-08 13:04:14'),
(8, 'Bob saggit', 6, 4, 'no', '2018-05-08 13:04:14'),
(9, 'hugh jonge', 7, 4, 'no', '2018-05-08 13:04:14'),
(10, 'Connor Second Light', 6, 3, 'yes', '2018-05-08 13:04:14'),
(11, 'Lounge TV', 7, 3, 'yes', '2018-05-08 13:04:14'),
(12, 'kitchen fridge', 4, 3, 'yes', '2018-05-08 13:04:14'),
(13, 'Tom\'s TV', 7, 9, 'yes', '2018-05-08 13:04:14'),
(17, 'test', 1, 3, 'no', '2018-05-08 13:04:14'),
(18, 'testing1', 1, 3, 'no', '2018-05-08 13:04:14'),
(24, 'sdsadasd', 1, 3, 'no', '2018-05-09 13:52:44'),
(25, 'work now', 1, 3, 'no', '2018-05-09 13:55:05'),
(26, 'test', 1, 3, 'no', '2018-05-09 14:10:41'),
(27, 'TestFridge', 1, 20, 'no', '2018-05-09 14:10:54'),
(28, 'testfridge', 1, 20, 'no', '2018-05-09 14:12:15'),
(30, 'fridgetest', 1, 20, 'no', '2018-05-09 14:36:12'),
(32, 'TV', 7, 20, 'yes', '2018-05-09 14:39:32'),
(33, 'TV', 1, 20, 'no', '2018-05-09 14:40:39'),
(34, 'TV', 7, 20, 'yes', '2018-05-09 14:41:18'),
(35, 'TV', 7, 20, 'yes', '2018-05-09 14:45:03'),
(39, 'TV', 1, 20, 'no', '2018-05-09 16:05:40'),
(40, 'TV2', 1, 20, 'no', '2018-05-09 16:06:05'),
(41, 'Tom tv', 7, 28, 'yes', '2018-05-09 16:12:32'),
(42, 'TV', 1, 10, 'no', '2018-05-09 16:12:20'),
(43, 'TV', 1, 10, 'no', '2018-05-09 16:13:23'),
(44, 'living room main light', 1, 10, 'no', '2018-05-09 16:14:16'),
(45, 'Tom light', 6, 28, 'yes', '2018-05-09 16:15:02'),
(46, 'heating test', 5, 28, 'yes', '2018-05-09 16:18:01'),
(47, 'energy test', 1, 28, 'yes', '2018-05-09 16:46:04'),
(48, 'Tom gas', 2, 28, 'yes', '2018-05-09 16:49:47'),
(49, 'Tom water', 3, 28, 'yes', '2018-05-09 16:53:07'),
(50, 'Tom fridge', 4, 28, 'yes', '2018-05-09 16:56:22'),
(51, 'energy test 2', 1, 28, 'yes', '2018-05-09 17:07:42'),
(54, 'dom_fridge', 1, 31, 'no', '2018-05-09 17:34:23'),
(59, 'test', 1, 3, 'no', '2018-05-09 18:56:17'),
(60, 'dom_tv_2', 1, 31, 'no', '2018-05-09 21:30:04'),
(61, 'test', 1, 31, 'no', '2018-05-09 21:48:20'),
(63, 'test tv', 1, 3, 'no', '2018-05-09 21:56:38'),
(64, 'test tv', 7, 3, 'yes', '2018-05-09 21:56:43'),
(65, 'Tom gas 2', 2, 28, 'yes', '2018-05-09 22:05:57'),
(74, 'dom_gas_meter', 2, 31, 'yes', '2018-05-10 09:57:39'),
(75, 'dom_water_monitor', 3, 31, 'yes', '2018-05-10 10:00:20'),
(76, 'dom_fridge', 4, 31, 'yes', '2018-05-10 10:01:31'),
(77, 'dom_heating_system', 5, 31, 'yes', '2018-05-10 10:09:04'),
(80, 'TV lounge', 1, 32, 'no', '2018-05-10 13:38:58'),
(82, 'dom_tv', 7, 31, 'yes', '2018-05-10 14:43:55');

-- --------------------------------------------------------

--
-- Table structure for table `pmt_device_keys`
--

CREATE TABLE `pmt_device_keys` (
  `activation_id` int(11) NOT NULL,
  `activation_key` varchar(6) DEFAULT NULL,
  `device_type` int(11) DEFAULT NULL,
  `created_on` timestamp NOT NULL DEFAULT CURRENT_TIMESTAMP,
  `claimed_on` timestamp NOT NULL DEFAULT '0000-00-00 00:00:00',
  `device_id` int(11) DEFAULT '0'
) ENGINE=InnoDB DEFAULT CHARSET=latin1;

--
-- Dumping data for table `pmt_device_keys`
--

INSERT INTO `pmt_device_keys` (`activation_id`, `activation_key`, `device_type`, `created_on`, `claimed_on`, `device_id`) VALUES
(1, 'DUug3-', 3, '2018-05-07 09:41:44', '0000-00-00 00:00:00', 0),
(2, '>k92Yc', 3, '2018-05-07 09:43:28', '0000-00-00 00:00:00', 0),
(3, '$Ph_$?', 7, '2018-05-07 10:34:39', '0000-00-00 00:00:00', 0),
(4, 'c[36J$', 7, '2018-05-07 12:42:40', '0000-00-00 00:00:00', 0),
(5, 'Q$JJxq', 7, '2018-05-07 12:50:01', '0000-00-00 00:00:00', 0),
(6, '}\"X^T%', 7, '2018-05-07 13:57:08', '0000-00-00 00:00:00', 0),
(7, 'aC}rSK', 7, '2018-05-07 13:58:51', '0000-00-00 00:00:00', 0),
(8, '4uY5se', 7, '2018-05-07 14:07:04', '0000-00-00 00:00:00', 0),
(9, '@W \'be', 6, '2018-05-07 14:09:34', '0000-00-00 00:00:00', 4),
(10, 'nRX7VA', 7, '2018-05-07 15:25:06', '0000-00-00 00:00:00', 5),
(11, '<C$yi*', 7, '2018-05-08 09:07:31', '0000-00-00 00:00:00', 10),
(13, ' -t7)>', 7, '2018-05-08 09:33:35', '0000-00-00 00:00:00', 0),
(14, ':\"LKV9', 7, '2018-05-08 09:35:06', '0000-00-00 00:00:00', 13),
(15, '.w$z-@', 1, '2018-05-08 11:58:26', '0000-00-00 00:00:00', 0),
(16, '\';^i$*', 6, '2018-05-08 15:13:31', '0000-00-00 00:00:00', 0),
(17, '5)fGXn', 1, '2018-05-08 15:19:36', '0000-00-00 00:00:00', 22),
(18, 't>i}hX', 7, '2018-05-09 13:07:35', '0000-00-00 00:00:00', 25),
(19, 's, 3D:', 7, '2018-05-09 13:58:11', '0000-00-00 00:00:00', 29),
(20, 'm433=d', 7, '2018-05-09 14:37:11', '0000-00-00 00:00:00', 31),
(21, 'aBb/aY', 7, '2018-05-09 14:38:09', '0000-00-00 00:00:00', 32),
(22, '5*BF(i', 7, '2018-05-09 14:41:04', '0000-00-00 00:00:00', 34),
(23, '&EK}p|', 7, '2018-05-09 14:44:24', '0000-00-00 00:00:00', 35),
(24, '\"ygeG)', 4, '2018-05-09 15:45:27', '0000-00-00 00:00:00', 36),
(25, '{*A]K9', 6, '2018-05-09 15:50:14', '0000-00-00 00:00:00', 37),
(26, 'CD9f<Q', 6, '2018-05-09 16:00:05', '0000-00-00 00:00:00', 38),
(27, ' _(@ =', 7, '2018-05-09 16:04:52', '0000-00-00 00:00:00', 0),
(28, NULL, NULL, '2018-05-09 16:09:15', '0000-00-00 00:00:00', 0),
(29, 'y>Xj<$', 7, '2018-05-09 16:12:01', '0000-00-00 00:00:00', 41),
(30, 'H3%\'1a', 6, '2018-05-09 16:14:21', '0000-00-00 00:00:00', 45),
(31, 'jj!d]*', 5, '2018-05-09 16:17:06', '0000-00-00 00:00:00', 46),
(32, 't{TrAF', 1, '2018-05-09 16:45:11', '0000-00-00 00:00:00', 47),
(33, 'K(zfKn', 2, '2018-05-09 16:49:11', '0000-00-00 00:00:00', 48),
(34, 'Ub)1%l', 3, '2018-05-09 16:52:36', '0000-00-00 00:00:00', 49),
(35, '3yf&bl', 4, '2018-05-09 16:55:19', '0000-00-00 00:00:00', 50),
(36, 'lFm8VX', 1, '2018-05-09 17:07:14', '0000-00-00 00:00:00', 51),
(37, 'VprvR-', 2, '2018-05-09 17:32:42', '0000-00-00 00:00:00', 52),
(38, 'k8iJ2k', 3, '2018-05-09 17:33:34', '0000-00-00 00:00:00', 53),
(39, NULL, NULL, '2018-05-09 17:34:22', '0000-00-00 00:00:00', 0),
(40, '1Yd3&j', 4, '2018-05-09 17:35:44', '0000-00-00 00:00:00', 55),
(41, 'cV9Yq7', 5, '2018-05-09 17:36:38', '0000-00-00 00:00:00', 56),
(42, '9bv4iw', 6, '2018-05-09 17:37:22', '0000-00-00 00:00:00', 57),
(43, 'pISW%&', 7, '2018-05-09 17:38:22', '0000-00-00 00:00:00', 58),
(44, 'Ba<5mm', 7, '2018-05-09 21:04:07', '0000-00-00 00:00:00', 64),
(45, 'v26GAj', 7, '2018-05-09 21:17:56', '0000-00-00 00:00:00', 0),
(46, 'wc~eh ', 7, '2018-05-09 21:30:13', '0000-00-00 00:00:00', 0),
(47, 'dk5p/T', 7, '2018-05-09 21:49:24', '0000-00-00 00:00:00', 0),
(48, '/MCz@)', 7, '2018-05-09 21:55:07', '0000-00-00 00:00:00', 62),
(49, 'eCDpWy', 2, '2018-05-09 22:05:45', '0000-00-00 00:00:00', 65),
(50, NULL, NULL, '2018-05-10 08:43:54', '0000-00-00 00:00:00', 0),
(51, '[k2Wl ', 6, '2018-05-10 09:19:05', '0000-00-00 00:00:00', 0),
(52, 'q95[v6', 6, '2018-05-10 09:19:49', '0000-00-00 00:00:00', 66),
(53, 'GXcJ1@', 4, '2018-05-10 09:21:10', '0000-00-00 00:00:00', 67),
(54, 'l549jC', 1, '2018-05-10 09:22:33', '0000-00-00 00:00:00', 68),
(55, 'g216lx', 1, '2018-05-10 09:27:33', '0000-00-00 00:00:00', 69),
(56, '1@xD<m', 1, '2018-05-10 09:31:37', '0000-00-00 00:00:00', 70),
(57, 'q3mx-I', 1, '2018-05-10 09:39:01', '0000-00-00 00:00:00', 71),
(58, NULL, NULL, '2018-05-10 09:45:24', '0000-00-00 00:00:00', 0),
(59, 'mT?Ed ', 2, '2018-05-10 09:46:36', '0000-00-00 00:00:00', 0),
(60, 'P798jb', 2, '2018-05-10 09:48:41', '0000-00-00 00:00:00', 72),
(61, 'fpa8pn', 5, '2018-05-10 09:52:59', '0000-00-00 00:00:00', 73),
(62, 'lCrybA', 2, '2018-05-10 09:57:27', '0000-00-00 00:00:00', 74),
(63, 'ZtLmtu', 3, '2018-05-10 10:00:04', '0000-00-00 00:00:00', 75),
(64, 'na2e6N', 4, '2018-05-10 10:01:19', '0000-00-00 00:00:00', 76),
(65, 'D919K2', 5, '2018-05-10 10:08:36', '0000-00-00 00:00:00', 77),
(66, 'cxhwPe', 7, '2018-05-10 10:10:38', '0000-00-00 00:00:00', 78),
(67, 'vb6vv4', 7, '2018-05-10 11:14:42', '0000-00-00 00:00:00', 0),
(68, 'n2SXk5', 7, '2018-05-10 13:28:07', '0000-00-00 00:00:00', 79),
(69, 'FCammx', 7, '2018-05-10 13:49:14', '0000-00-00 00:00:00', 81),
(70, 'bpfFU4', 7, '2018-05-10 14:43:19', '0000-00-00 00:00:00', 82),
(71, NULL, NULL, '2018-05-15 03:53:12', '0000-00-00 00:00:00', 0),
(72, NULL, NULL, '2018-05-18 23:26:06', '0000-00-00 00:00:00', 0),
(73, NULL, NULL, '2018-05-30 16:56:17', '0000-00-00 00:00:00', 0);

-- --------------------------------------------------------

--
-- Table structure for table `pmt_device_types`
--

CREATE TABLE `pmt_device_types` (
  `id` int(11) NOT NULL,
  `type_name` varchar(50) DEFAULT NULL
) ENGINE=InnoDB DEFAULT CHARSET=latin1;

--
-- Dumping data for table `pmt_device_types`
--

INSERT INTO `pmt_device_types` (`id`, `type_name`) VALUES
(1, 'Energy Monitor'),
(4, 'Fridge'),
(2, 'Gas Meter'),
(5, 'Heating System'),
(6, 'Light Bulb'),
(7, 'TV'),
(3, 'Water Monitor');

-- --------------------------------------------------------

--
-- Table structure for table `pmt_energy_monitor_data`
--

CREATE TABLE `pmt_energy_monitor_data` (
  `data_id` int(11) NOT NULL,
  `device_id` int(11) NOT NULL,
  `KwH` int(11) NOT NULL,
  `data_submitted` timestamp NULL DEFAULT CURRENT_TIMESTAMP
) ENGINE=InnoDB DEFAULT CHARSET=utf8;

--
-- Dumping data for table `pmt_energy_monitor_data`
--

INSERT INTO `pmt_energy_monitor_data` (`data_id`, `device_id`, `KwH`, `data_submitted`) VALUES
(1, 3, 12, '2018-05-04 12:00:41'),
(2, 3, 15, '2018-05-07 16:41:09');

-- --------------------------------------------------------

--
-- Table structure for table `pmt_fridge_data`
--

CREATE TABLE `pmt_fridge_data` (
  `data_id` int(11) NOT NULL,
  `temp` int(11) NOT NULL,
  `doorstatus` varchar(45) NOT NULL,
  `data_submitted` timestamp NULL DEFAULT CURRENT_TIMESTAMP,
  `device_id` int(11) NOT NULL
) ENGINE=InnoDB DEFAULT CHARSET=utf8;

--
-- Dumping data for table `pmt_fridge_data`
--

INSERT INTO `pmt_fridge_data` (`data_id`, `temp`, `doorstatus`, `data_submitted`, `device_id`) VALUES
(1, 1, 'closed', '2018-05-04 12:08:12', 1),
(2, 4, 'closed', '2018-05-07 17:48:19', 12),
(5, 20, 'false', '2018-05-10 09:37:58', 1),
(6, 0, 'false', '2018-05-10 10:01:39', 76),
(7, 3, 'true', '2018-05-10 10:02:10', 76),
(8, 0, 'true', '2018-05-10 10:02:40', 76),
(9, 4, 'true', '2018-05-10 10:03:10', 76),
(10, 1, 'true', '2018-05-10 10:03:40', 76),
(11, 2, 'true', '2018-05-10 10:04:11', 76),
(12, 2, 'true', '2018-05-10 10:04:41', 76),
(13, 3, 'false', '2018-05-10 10:05:11', 76),
(14, 0, 'false', '2018-05-10 10:05:41', 76),
(15, 2, 'false', '2018-05-10 10:06:12', 76),
(16, 0, 'true', '2018-05-10 10:06:42', 76),
(17, 2, 'false', '2018-05-10 10:07:12', 76),
(18, 1, 'true', '2018-05-10 10:07:42', 76),
(19, 1, 'true', '2018-05-10 10:08:12', 76),
(20, 2, 'false', '2018-05-10 14:25:45', 76),
(21, 2, 'false', '2018-05-10 14:26:15', 76),
(22, 1, 'false', '2018-05-10 14:26:45', 76),
(23, 0, 'true', '2018-05-10 14:27:15', 76),
(24, 1, 'true', '2018-05-10 14:27:45', 76),
(25, 0, 'true', '2018-05-10 14:28:16', 76),
(26, 26, 'true', '2018-05-10 14:28:46', 76),
(27, 1, 'false', '2018-05-10 14:29:16', 76),
(28, 19, 'false', '2018-05-10 14:29:46', 76),
(29, 3, 'false', '2018-05-10 14:30:16', 76),
(30, 20, 'true', '2018-05-10 14:30:47', 76),
(31, 0, 'false', '2018-05-10 14:31:17', 76),
(32, 3, 'true', '2018-05-10 14:31:47', 76),
(33, 2, 'false', '2018-05-10 14:32:17', 76),
(34, 4, 'false', '2018-05-10 14:32:48', 76),
(35, 17, 'true', '2018-05-10 14:33:18', 76),
(36, 21, 'true', '2018-05-10 14:33:48', 76),
(37, 3, 'false', '2018-05-10 14:34:18', 76),
(38, 0, 'true', '2018-05-10 14:34:48', 76),
(39, 1, 'true', '2018-05-10 14:35:19', 76),
(40, 0, 'false', '2018-05-10 14:35:49', 76),
(41, 24, 'false', '2018-05-10 14:36:19', 76),
(42, 3, 'false', '2018-05-10 14:36:49', 76),
(43, 1, 'true', '2018-05-10 14:37:19', 76),
(44, 0, 'false', '2018-05-10 14:37:50', 76),
(45, 3, 'true', '2018-05-10 14:38:20', 76),
(46, 3, 'true', '2018-05-10 14:38:50', 76),
(47, 4, 'true', '2018-05-10 14:39:20', 76),
(48, 3, 'false', '2018-05-10 14:39:50', 76),
(49, 2, 'true', '2018-05-10 14:40:21', 76),
(50, 1, 'true', '2018-05-10 14:40:51', 76),
(51, 2, 'false', '2018-05-10 14:41:21', 76),
(52, 1, 'true', '2018-05-10 14:41:55', 76),
(53, 2, 'true', '2018-05-10 14:42:25', 76),
(54, 4, 'false', '2018-05-10 14:42:56', 76),
(55, 1, 'false', '2018-05-10 14:43:26', 76),
(56, 3, 'true', '2018-05-10 14:43:56', 76),
(57, 4, 'false', '2018-05-10 14:44:26', 76),
(58, 0, 'true', '2018-05-10 14:44:56', 76),
(59, 4, 'false', '2018-05-10 14:45:27', 76),
(60, 0, 'false', '2018-05-10 14:45:57', 76),
(61, 1, 'true', '2018-05-10 14:46:27', 76),
(62, 3, 'true', '2018-05-10 14:46:57', 76),
(63, 1, 'true', '2018-05-10 14:47:27', 76),
(64, 2, 'false', '2018-05-10 14:47:58', 76),
(65, 2, 'false', '2018-05-10 14:48:28', 76),
(66, 3, 'false', '2018-05-10 14:48:58', 76),
(67, 2, 'true', '2018-05-10 14:49:28', 76),
(68, 0, 'true', '2018-05-10 14:49:59', 76),
(69, 1, 'true', '2018-05-10 14:50:29', 76),
(70, 21, 'true', '2018-05-10 14:50:59', 76),
(71, 0, 'false', '2018-05-10 14:51:29', 76),
(72, 1, 'true', '2018-05-10 14:51:59', 76),
(73, 1, 'false', '2018-05-10 14:52:30', 76),
(74, 3, 'true', '2018-05-10 14:53:00', 76),
(75, 4, 'true', '2018-05-10 14:53:30', 76),
(76, 3, 'true', '2018-05-10 14:54:00', 76),
(77, 4, 'true', '2018-05-10 14:54:30', 76),
(78, 1, 'true', '2018-05-10 14:55:01', 76),
(79, 0, 'true', '2018-05-10 14:55:31', 76),
(80, 2, 'true', '2018-05-10 14:56:01', 76),
(81, 26, 'false', '2018-05-10 14:56:31', 76),
(82, 3, 'true', '2018-05-10 14:57:01', 76),
(83, 0, 'true', '2018-05-10 14:57:32', 76),
(84, 2, 'true', '2018-05-10 14:58:02', 76),
(85, 2, 'true', '2018-05-10 14:58:32', 76),
(86, 0, 'true', '2018-05-10 14:59:02', 76),
(87, 0, 'false', '2018-05-10 14:59:33', 76),
(88, 2, 'false', '2018-05-10 15:00:03', 76),
(89, 0, 'true', '2018-05-10 15:00:35', 76),
(90, 0, 'true', '2018-05-10 15:01:05', 76),
(91, 2, 'true', '2018-05-10 15:01:35', 76),
(92, 19, 'true', '2018-05-10 15:02:06', 76),
(93, 3, 'false', '2018-05-10 15:02:36', 76),
(94, 0, 'true', '2018-05-10 15:03:06', 76),
(95, 1, 'true', '2018-05-10 15:03:36', 76),
(96, 2, 'false', '2018-05-10 15:04:06', 76),
(97, 0, 'true', '2018-05-10 15:04:37', 76),
(98, 1, 'false', '2018-05-10 15:05:07', 76),
(99, 3, 'false', '2018-05-10 15:05:37', 76),
(100, 0, 'true', '2018-05-10 15:06:07', 76),
(101, 2, 'true', '2018-05-10 15:06:38', 76),
(102, 0, 'false', '2018-05-10 15:07:08', 76),
(103, 4, 'false', '2018-05-10 15:07:38', 76),
(104, 1, 'true', '2018-05-10 15:08:08', 76),
(105, 5, 'false', '2018-05-10 15:08:38', 76),
(106, 20, 'true', '2018-05-10 15:09:09', 76),
(107, 22, 'true', '2018-05-10 15:09:39', 76),
(108, 2, 'true', '2018-05-10 15:10:09', 76),
(109, 3, 'false', '2018-05-10 15:10:40', 76),
(110, 4, 'false', '2018-05-10 15:11:10', 76),
(111, 1, 'true', '2018-05-10 15:11:40', 76),
(112, 2, 'true', '2018-05-10 15:12:10', 76);

-- --------------------------------------------------------

--
-- Table structure for table `pmt_heating_system_data`
--

CREATE TABLE `pmt_heating_system_data` (
  `data_id` int(11) NOT NULL,
  `device_id` int(11) NOT NULL,
  `housetemp` int(11) NOT NULL,
  `thermostatTemp` int(11) NOT NULL,
  `data_submitted` timestamp NULL DEFAULT CURRENT_TIMESTAMP
) ENGINE=InnoDB DEFAULT CHARSET=utf8;

--
-- Dumping data for table `pmt_heating_system_data`
--

INSERT INTO `pmt_heating_system_data` (`data_id`, `device_id`, `housetemp`, `thermostatTemp`, `data_submitted`) VALUES
(1, 4, 28, 20, '2018-05-04 12:04:09'),
(2, 46, 30, 50, '2018-05-09 16:18:07'),
(3, 46, 43, 40, '2018-05-09 16:18:37'),
(4, 46, 26, 29, '2018-05-09 16:19:08'),
(5, 46, 24, 41, '2018-05-09 16:19:38'),
(6, 46, 18, 47, '2018-05-09 16:20:08'),
(7, 46, 28, 32, '2018-05-09 16:20:38'),
(8, 46, 47, 17, '2018-05-09 16:21:08'),
(9, 46, 15, 6, '2018-05-09 16:21:39'),
(10, 46, 35, 26, '2018-05-09 16:22:09'),
(11, 46, 38, 41, '2018-05-09 16:22:39'),
(12, 46, 42, 25, '2018-05-09 16:23:09'),
(13, 46, 18, 18, '2018-05-09 16:23:39'),
(14, 46, 4, 11, '2018-05-09 16:24:10'),
(15, 46, 31, 11, '2018-05-09 16:24:40'),
(16, 46, 22, 40, '2018-05-09 16:25:10'),
(17, 46, 32, 45, '2018-05-09 16:25:40'),
(18, 46, 30, 46, '2018-05-09 16:26:10'),
(19, 46, 48, 12, '2018-05-09 16:26:41'),
(20, 46, 16, 25, '2018-05-09 16:27:11'),
(21, 46, 14, 40, '2018-05-09 16:27:41'),
(22, 46, 36, 10, '2018-05-09 16:28:11'),
(23, 46, 18, 40, '2018-05-09 16:28:42'),
(24, 46, 0, 9, '2018-05-09 16:29:12'),
(25, 46, 34, 8, '2018-05-09 16:29:42'),
(26, 46, 24, 48, '2018-05-09 16:30:12'),
(27, 46, 0, 36, '2018-05-09 16:30:42'),
(28, 46, 3, 44, '2018-05-09 16:31:13'),
(29, 46, 25, 23, '2018-05-09 16:31:43'),
(30, 46, 42, 15, '2018-05-09 16:32:13'),
(31, 46, 15, 37, '2018-05-09 16:32:43'),
(32, 46, 16, 21, '2018-05-09 16:33:13'),
(33, 46, 11, 11, '2018-05-09 16:33:44'),
(34, 46, 50, 28, '2018-05-09 16:34:14'),
(35, 46, 7, 32, '2018-05-09 16:34:44'),
(36, 46, 43, 50, '2018-05-09 16:35:14'),
(37, 46, 49, 16, '2018-05-09 16:35:45'),
(38, 46, 39, 20, '2018-05-09 16:36:15'),
(40, 4, 17, 26, '2018-05-09 21:33:24'),
(41, 4, 42, 12, '2018-05-09 21:33:54'),
(42, 4, 19, 1, '2018-05-09 21:34:25'),
(43, 4, 46, 26, '2018-05-09 21:34:53'),
(44, 4, 46, 50, '2018-05-09 21:35:23'),
(45, 4, 17, 31, '2018-05-09 21:35:53'),
(46, 4, 11, 4, '2018-05-09 21:36:05'),
(47, 4, 42, 35, '2018-05-09 21:36:23'),
(48, 4, 24, 44, '2018-05-09 21:36:36'),
(49, 4, 35, 44, '2018-05-09 21:36:54'),
(50, 4, 47, 44, '2018-05-09 21:37:24'),
(51, 4, 18, 42, '2018-05-09 21:37:54'),
(52, 4, 37, 26, '2018-05-09 21:38:21'),
(53, 4, 7, 0, '2018-05-09 21:38:25'),
(54, 4, 47, 37, '2018-05-09 21:38:52'),
(55, 4, 3, 43, '2018-05-09 21:38:55'),
(56, 4, 37, 38, '2018-05-09 21:39:22'),
(57, 4, 49, 11, '2018-05-09 21:39:25'),
(58, 4, 20, 33, '2018-05-09 21:39:52'),
(59, 4, 9, 0, '2018-05-09 21:39:56'),
(60, 4, 15, 44, '2018-05-09 21:40:22'),
(61, 4, 15, 40, '2018-05-09 21:40:26'),
(62, 4, 17, 10, '2018-05-09 21:40:53'),
(63, 4, 12, 14, '2018-05-09 21:40:57'),
(64, 4, 42, 9, '2018-05-09 21:41:23'),
(65, 4, 5, 14, '2018-05-09 21:41:27'),
(66, 4, 0, 9, '2018-05-09 21:41:53'),
(67, 4, 35, 21, '2018-05-09 21:41:57'),
(68, 4, 18, 11, '2018-05-09 21:42:24'),
(69, 4, 39, 23, '2018-05-09 21:42:27'),
(70, 4, 27, 31, '2018-05-09 21:42:54'),
(71, 4, 30, 3, '2018-05-09 21:42:58'),
(72, 4, 7, 14, '2018-05-09 21:43:24'),
(73, 4, 21, 21, '2018-05-09 21:43:28'),
(74, 4, 28, 1, '2018-05-09 21:43:54'),
(75, 4, 41, 27, '2018-05-09 21:43:58'),
(76, 4, 19, 23, '2018-05-09 21:44:25'),
(77, 4, 47, 46, '2018-05-09 21:44:29'),
(78, 4, 14, 13, '2018-05-09 21:44:55'),
(79, 4, 37, 30, '2018-05-09 21:44:59'),
(80, 4, 17, 35, '2018-05-09 21:45:26'),
(81, 4, 8, 20, '2018-05-09 21:45:29'),
(82, 4, 22, 15, '2018-05-09 21:45:56'),
(83, 4, 22, 42, '2018-05-09 21:45:59'),
(84, 4, 35, 12, '2018-05-09 21:46:26'),
(85, 4, 34, 13, '2018-05-09 21:46:30'),
(86, 4, 38, 23, '2018-05-09 21:46:56'),
(87, 4, 15, 39, '2018-05-09 21:47:00'),
(88, 4, 16, 39, '2018-05-09 21:47:27'),
(89, 4, 30, 50, '2018-05-09 21:47:31'),
(90, 4, 18, 38, '2018-05-09 21:47:57'),
(91, 4, 39, 11, '2018-05-09 21:48:01'),
(92, 4, 10, 47, '2018-05-09 21:48:31'),
(93, 4, 7, 37, '2018-05-09 21:49:01'),
(94, 4, 42, 3, '2018-05-09 21:49:32'),
(95, 4, 7, 32, '2018-05-09 21:50:02'),
(96, 4, 1, 31, '2018-05-09 21:50:33'),
(97, 4, 19, 14, '2018-05-09 21:51:03'),
(98, 4, 42, 44, '2018-05-09 21:51:34'),
(99, 4, 37, 22, '2018-05-09 21:52:04'),
(100, 4, 39, 25, '2018-05-09 21:52:34'),
(101, 4, 19, 35, '2018-05-09 21:53:05'),
(102, 4, 28, 23, '2018-05-09 21:53:35'),
(103, 4, 4, 14, '2018-05-09 21:54:05'),
(104, 4, 39, 49, '2018-05-09 21:54:36'),
(105, 4, 26, 28, '2018-05-09 21:55:06'),
(106, 4, 14, 22, '2018-05-09 21:55:36'),
(107, 4, 3, 44, '2018-05-09 21:56:06'),
(108, 4, 43, 39, '2018-05-09 21:56:37'),
(109, 4, 48, 14, '2018-05-09 21:57:07'),
(110, 4, 0, 24, '2018-05-09 21:57:37'),
(111, 4, 30, 28, '2018-05-09 21:58:08'),
(112, 4, 4, 13, '2018-05-09 21:58:38'),
(113, 4, 5, 40, '2018-05-09 21:59:08'),
(114, 4, 7, 2, '2018-05-09 21:59:39'),
(115, 4, 34, 30, '2018-05-09 22:00:09'),
(116, 4, 38, 18, '2018-05-09 22:00:39'),
(117, 4, 20, 18, '2018-05-09 22:01:09'),
(118, 4, 39, 17, '2018-05-09 22:01:40'),
(119, 4, 8, 7, '2018-05-09 22:02:11'),
(120, 4, 15, 34, '2018-05-09 22:02:41'),
(121, 4, 0, 14, '2018-05-09 22:03:11'),
(122, 4, 21, 42, '2018-05-09 22:03:42'),
(123, 4, 19, 36, '2018-05-09 22:04:12'),
(124, 4, 22, 20, '2018-05-09 22:04:42'),
(125, 4, 20, 49, '2018-05-09 22:05:13'),
(126, 4, 7, 35, '2018-05-09 22:05:43'),
(127, 4, 31, 50, '2018-05-09 22:06:13'),
(128, 4, 38, 26, '2018-05-09 22:06:43'),
(129, 4, 16, 9, '2018-05-09 22:07:14'),
(130, 4, 46, 4, '2018-05-09 22:07:44'),
(131, 4, 34, 15, '2018-05-09 22:08:14'),
(132, 4, 44, 12, '2018-05-09 22:08:45'),
(133, 4, 0, 22, '2018-05-09 22:09:15'),
(134, 4, 22, 21, '2018-05-09 22:09:45'),
(135, 4, 39, 35, '2018-05-09 22:10:15'),
(136, 4, 38, 25, '2018-05-09 22:10:46'),
(137, 4, 35, 40, '2018-05-09 22:11:16'),
(138, 4, 24, 50, '2018-05-09 22:11:47'),
(139, 4, 7, 22, '2018-05-09 22:12:17'),
(140, 4, 25, 29, '2018-05-09 22:12:48'),
(141, 4, 26, 10, '2018-05-09 22:13:18'),
(142, 4, 43, 17, '2018-05-09 22:13:48'),
(143, 4, 18, 46, '2018-05-09 22:14:19'),
(144, 4, 46, 31, '2018-05-09 22:14:49'),
(145, 4, 31, 13, '2018-05-09 22:15:19'),
(146, 4, 13, 36, '2018-05-09 22:15:50'),
(147, 4, 26, 24, '2018-05-09 22:16:20'),
(148, 4, 31, 48, '2018-05-09 22:16:50'),
(149, 4, 6, 14, '2018-05-09 22:17:20'),
(150, 4, 0, 38, '2018-05-09 22:17:51'),
(151, 4, 10, 31, '2018-05-09 22:18:21'),
(152, 4, 32, 43, '2018-05-09 22:18:51'),
(153, 4, 39, 36, '2018-05-09 22:19:22'),
(154, 4, 41, 14, '2018-05-09 22:19:52'),
(155, 4, 7, 1, '2018-05-09 22:20:22'),
(156, 4, 34, 34, '2018-05-09 22:20:52'),
(157, 4, 26, 34, '2018-05-09 22:21:23'),
(158, 4, 13, 14, '2018-05-09 22:21:53'),
(159, 4, 29, 22, '2018-05-09 22:22:23'),
(160, 4, 17, 50, '2018-05-09 22:22:54'),
(161, 4, 8, 37, '2018-05-09 22:23:24'),
(162, 4, 9, 47, '2018-05-09 22:23:54'),
(163, 4, 27, 40, '2018-05-09 22:24:24'),
(164, 4, 6, 11, '2018-05-09 22:24:55'),
(165, 4, 29, 3, '2018-05-09 22:25:25'),
(166, 4, 6, 2, '2018-05-09 22:25:55'),
(167, 4, 20, 39, '2018-05-09 22:26:26'),
(168, 4, 0, 29, '2018-05-09 22:26:56'),
(169, 4, 45, 19, '2018-05-09 22:27:26'),
(170, 4, 33, 7, '2018-05-09 22:27:57'),
(171, 4, 8, 43, '2018-05-09 22:28:27'),
(172, 4, 50, 41, '2018-05-09 22:28:57'),
(173, 4, 21, 45, '2018-05-09 22:29:27'),
(174, 4, 36, 44, '2018-05-09 22:29:58'),
(175, 4, 16, 20, '2018-05-09 22:30:28'),
(176, 4, 0, 49, '2018-05-09 22:30:58'),
(177, 4, 14, 36, '2018-05-09 22:31:29'),
(178, 4, 24, 39, '2018-05-09 22:31:59'),
(179, 4, 9, 33, '2018-05-09 22:32:29'),
(180, 4, 41, 28, '2018-05-09 22:33:00'),
(181, 4, 15, 21, '2018-05-09 22:33:30'),
(182, 4, 46, 26, '2018-05-09 22:34:00'),
(183, 4, 23, 49, '2018-05-09 22:34:30'),
(184, 4, 19, 20, '2018-05-09 22:35:01'),
(185, 4, 41, 16, '2018-05-09 22:35:31'),
(186, 4, 0, 44, '2018-05-09 22:36:01'),
(187, 4, 40, 8, '2018-05-09 22:36:32'),
(188, 4, 12, 31, '2018-05-09 22:37:02'),
(189, 4, 27, 9, '2018-05-09 22:37:33'),
(190, 4, 32, 2, '2018-05-09 22:38:03'),
(191, 4, 48, 20, '2018-05-09 22:38:33'),
(192, 4, 38, 31, '2018-05-09 22:39:03'),
(193, 4, 31, 8, '2018-05-09 22:39:34'),
(194, 4, 10, 8, '2018-05-09 22:40:04'),
(195, 4, 36, 24, '2018-05-09 22:40:35'),
(196, 4, 16, 49, '2018-05-09 22:41:05'),
(197, 4, 23, 26, '2018-05-09 22:41:36'),
(198, 4, 45, 21, '2018-05-09 22:42:06'),
(199, 4, 9, 20, '2018-05-09 22:42:36'),
(200, 4, 14, 28, '2018-05-09 22:43:07'),
(201, 4, 22, 20, '2018-05-09 22:43:37'),
(202, 4, 30, 12, '2018-05-09 22:44:07'),
(203, 4, 44, 26, '2018-05-09 22:44:38'),
(204, 4, 13, 3, '2018-05-09 22:45:08'),
(208, 77, 10, 37, '2018-05-10 10:09:07'),
(209, 77, 13, 39, '2018-05-10 10:09:37'),
(210, 77, 32, 15, '2018-05-10 10:10:07'),
(211, 77, 6, 25, '2018-05-10 13:27:00');

-- --------------------------------------------------------

--
-- Table structure for table `pmt_light_bulb_data`
--

CREATE TABLE `pmt_light_bulb_data` (
  `data_id` int(11) NOT NULL,
  `KwH` int(11) NOT NULL,
  `on_off` varchar(45) NOT NULL,
  `data_submitted` timestamp NULL DEFAULT CURRENT_TIMESTAMP,
  `device_id` int(11) NOT NULL
) ENGINE=InnoDB DEFAULT CHARSET=utf8;

--
-- Dumping data for table `pmt_light_bulb_data`
--

INSERT INTO `pmt_light_bulb_data` (`data_id`, `KwH`, `on_off`, `data_submitted`, `device_id`) VALUES
(1, 19, 'on', '2018-05-04 12:04:52', 5),
(2, 16, 'on', '2018-05-07 19:27:50', 10),
(3, 18, 'on', '2018-05-07 19:28:18', 10);

-- --------------------------------------------------------

--
-- Table structure for table `pmt_smart_gas_meter_data`
--

CREATE TABLE `pmt_smart_gas_meter_data` (
  `data_submitted` timestamp NULL DEFAULT CURRENT_TIMESTAMP,
  `data_id` int(11) NOT NULL,
  `gas_usage_KwH` int(11) NOT NULL,
  `device_id` int(11) NOT NULL
) ENGINE=InnoDB DEFAULT CHARSET=utf8;

--
-- Dumping data for table `pmt_smart_gas_meter_data`
--

INSERT INTO `pmt_smart_gas_meter_data` (`data_submitted`, `data_id`, `gas_usage_KwH`, `device_id`) VALUES
('2018-05-04 12:05:21', 1, 44, 6),
('2018-05-09 16:46:13', 2, 227, 47),
('2018-05-09 16:46:43', 3, 77, 47),
('2018-05-09 16:47:14', 4, 88, 47),
('2018-05-09 16:47:44', 5, 194, 47),
('2018-05-09 16:48:14', 6, 5, 47),
('2018-05-09 16:48:45', 7, 86, 47),
('2018-05-09 16:49:53', 8, 345, 48),
('2018-05-09 16:50:23', 9, 458, 48),
('2018-05-09 16:50:53', 10, 744, 48),
('2018-05-09 16:51:24', 11, 973, 48),
('2018-05-09 16:51:54', 12, 1355, 48),
('2018-05-09 17:07:45', 13, 412, 51),
('2018-05-09 17:08:15', 14, 128, 51),
('2018-05-09 17:08:45', 15, 5, 51),
('2018-05-09 17:09:16', 16, 339, 51),
('2018-05-09 17:09:46', 17, 252, 51),
('2018-05-09 17:10:16', 18, 19, 51),
('2018-05-09 17:10:47', 19, 472, 51),
('2018-05-09 17:11:17', 20, 110, 51),
('2018-05-09 17:11:47', 21, 22, 51),
('2018-05-09 17:12:18', 22, 486, 51),
('2018-05-09 17:12:48', 23, 246, 51),
('2018-05-09 17:13:18', 24, 24, 51),
('2018-05-09 17:13:48', 25, 318, 51),
('2018-05-09 17:14:19', 26, 247, 51),
('2018-05-09 17:14:49', 27, 170, 51),
('2018-05-09 17:15:19', 28, 315, 51),
('2018-05-09 17:15:50', 29, 289, 51),
('2018-05-09 17:16:20', 30, 91, 51),
('2018-05-09 17:16:50', 31, 356, 51),
('2018-05-09 17:17:20', 32, 272, 51),
('2018-05-09 17:17:51', 33, 486, 51),
('2018-05-09 17:18:21', 34, 54, 51),
('2018-05-09 17:18:51', 35, 50, 51),
('2018-05-09 17:19:22', 36, 331, 51),
('2018-05-09 17:19:52', 37, 9, 51),
('2018-05-09 17:20:22', 38, 242, 51),
('2018-05-09 17:20:53', 39, 237, 51),
('2018-05-09 17:21:23', 40, 137, 51),
('2018-05-09 17:21:53', 41, 138, 51),
('2018-05-09 17:22:24', 42, 77, 51),
('2018-05-09 17:22:54', 43, 338, 51),
('2018-05-09 17:23:24', 44, 165, 51),
('2018-05-09 17:23:55', 45, 439, 51),
('2018-05-09 17:24:25', 46, 334, 51),
('2018-05-09 17:24:55', 47, 409, 51),
('2018-05-09 17:25:26', 48, 412, 51),
('2018-05-09 17:25:56', 49, 320, 51),
('2018-05-09 17:26:26', 50, 227, 51),
('2018-05-09 17:26:57', 51, 19, 51),
('2018-05-09 17:27:27', 52, 156, 51),
('2018-05-09 17:27:57', 53, 55, 51),
('2018-05-09 17:28:27', 54, 494, 51),
('2018-05-09 17:28:58', 55, 160, 51),
('2018-05-09 17:29:28', 56, 32, 51),
('2018-05-09 17:29:58', 57, 23, 51),
('2018-05-09 17:30:29', 58, 220, 51),
('2018-05-09 17:30:59', 59, 373, 51),
('2018-05-09 22:06:06', 61, 461, 65),
('2018-05-09 22:06:36', 62, 839, 65),
('2018-05-09 22:07:06', 63, 1160, 65),
('2018-05-09 22:07:37', 64, 1471, 65),
('2018-05-09 22:08:07', 65, 1548, 65),
('2018-05-09 22:08:37', 66, 1570, 65),
('2018-05-09 22:09:07', 67, 1593, 65),
('2018-05-09 22:09:38', 68, 1939, 65),
('2018-05-09 22:10:08', 69, 1996, 65),
('2018-05-09 22:10:38', 70, 2194, 65),
('2018-05-09 22:11:09', 71, 2570, 65),
('2018-05-09 22:11:39', 72, 2731, 65),
('2018-05-09 22:12:09', 73, 3138, 65),
('2018-05-09 22:12:40', 74, 3154, 65),
('2018-05-09 22:13:10', 75, 3183, 65),
('2018-05-09 22:13:40', 76, 3678, 65),
('2018-05-09 22:14:11', 77, 4081, 65),
('2018-05-09 22:14:41', 78, 4103, 65),
('2018-05-09 22:15:11', 79, 4425, 65),
('2018-05-09 22:15:41', 80, 4682, 65),
('2018-05-09 22:16:12', 81, 5099, 65),
('2018-05-09 22:16:42', 82, 5374, 65),
('2018-05-09 22:17:12', 83, 5428, 65),
('2018-05-09 22:17:43', 84, 5881, 65),
('2018-05-09 22:18:13', 85, 6161, 65),
('2018-05-09 22:18:43', 86, 6366, 65),
('2018-05-09 22:19:14', 87, 6595, 65),
('2018-05-09 22:19:44', 88, 6813, 65),
('2018-05-09 22:20:14', 89, 6860, 65),
('2018-05-09 22:20:45', 90, 7238, 65),
('2018-05-09 22:21:15', 91, 7703, 65),
('2018-05-09 22:21:45', 92, 7925, 65),
('2018-05-09 22:22:15', 93, 8175, 65),
('2018-05-09 22:22:46', 94, 8256, 65),
('2018-05-09 22:23:16', 95, 8354, 65),
('2018-05-09 22:23:46', 96, 8446, 65),
('2018-05-09 22:24:17', 97, 8684, 65),
('2018-05-09 22:24:47', 98, 8756, 65),
('2018-05-09 22:25:17', 99, 9220, 65),
('2018-05-09 22:25:48', 100, 9717, 65),
('2018-05-09 22:26:18', 101, 10014, 65),
('2018-05-09 22:26:48', 102, 10421, 65),
('2018-05-09 22:27:19', 103, 10907, 65),
('2018-05-09 22:27:49', 104, 11009, 65),
('2018-05-09 22:28:19', 105, 11426, 65),
('2018-05-09 22:28:49', 106, 11543, 65),
('2018-05-09 22:29:20', 107, 11802, 65),
('2018-05-09 22:29:50', 108, 12002, 65),
('2018-05-09 22:30:20', 109, 12370, 65),
('2018-05-09 22:30:51', 110, 12841, 65),
('2018-05-09 22:31:21', 111, 13131, 65),
('2018-05-09 22:31:51', 112, 13230, 65),
('2018-05-09 22:32:22', 113, 13697, 65),
('2018-05-09 22:32:52', 114, 14148, 65),
('2018-05-09 22:33:22', 115, 14375, 65),
('2018-05-09 22:33:52', 116, 14593, 65),
('2018-05-09 22:34:23', 117, 14653, 65),
('2018-05-09 22:34:53', 118, 14698, 65),
('2018-05-09 22:35:23', 119, 15139, 65),
('2018-05-09 22:35:54', 120, 15438, 65),
('2018-05-09 22:36:24', 121, 15628, 65),
('2018-05-09 22:36:54', 122, 15717, 65),
('2018-05-09 22:37:25', 123, 16019, 65),
('2018-05-09 22:37:55', 124, 16361, 65),
('2018-05-09 22:38:25', 125, 16734, 65),
('2018-05-09 22:38:56', 126, 16932, 65),
('2018-05-09 22:39:26', 127, 17408, 65),
('2018-05-09 22:39:56', 128, 17692, 65),
('2018-05-09 22:40:27', 129, 17935, 65),
('2018-05-09 22:40:57', 130, 18362, 65),
('2018-05-09 22:41:27', 131, 18716, 65),
('2018-05-09 22:41:57', 132, 19071, 65),
('2018-05-09 22:42:28', 133, 19092, 65),
('2018-05-09 22:42:58', 134, 19189, 65),
('2018-05-09 22:43:28', 135, 19427, 65),
('2018-05-09 22:43:59', 136, 19662, 65),
('2018-05-09 22:44:29', 137, 19994, 65),
('2018-05-09 22:44:59', 138, 20205, 65),
('2018-05-09 22:45:30', 139, 20361, 65),
('2018-05-09 22:46:00', 140, 20583, 65),
('2018-05-09 22:46:30', 141, 21079, 65),
('2018-05-09 22:47:01', 142, 21502, 65),
('2018-05-09 22:47:31', 143, 21628, 65),
('2018-05-09 22:48:01', 144, 21853, 65),
('2018-05-09 22:48:31', 145, 21864, 65),
('2018-05-09 22:49:02', 146, 22051, 65),
('2018-05-09 22:49:32', 147, 22362, 65),
('2018-05-09 22:50:02', 148, 22506, 65),
('2018-05-09 22:50:33', 149, 22665, 65),
('2018-05-09 22:51:03', 150, 23060, 65),
('2018-05-09 22:51:33', 151, 23173, 65),
('2018-05-09 22:52:04', 152, 23656, 65),
('2018-05-09 22:52:34', 153, 24130, 65),
('2018-05-09 22:53:04', 154, 24236, 65),
('2018-05-09 22:53:35', 155, 24388, 65),
('2018-05-09 22:54:05', 156, 24850, 65),
('2018-05-09 22:54:35', 157, 25092, 65),
('2018-05-09 22:55:05', 158, 25568, 65),
('2018-05-09 22:55:36', 159, 25780, 65),
('2018-05-09 22:56:06', 160, 25953, 65),
('2018-05-09 22:56:36', 161, 26009, 65),
('2018-05-09 22:57:07', 162, 26058, 65),
('2018-05-09 22:57:37', 163, 26108, 65),
('2018-05-09 22:58:07', 164, 26322, 65),
('2018-05-09 22:58:38', 165, 26546, 65),
('2018-05-09 22:59:08', 166, 26588, 65),
('2018-05-09 22:59:38', 167, 26760, 65),
('2018-05-09 23:00:09', 168, 27158, 65),
('2018-05-09 23:00:39', 169, 27374, 65),
('2018-05-09 23:01:09', 170, 27388, 65),
('2018-05-09 23:01:39', 171, 27875, 65),
('2018-05-09 23:02:10', 172, 28291, 65),
('2018-05-09 23:02:40', 173, 28604, 65),
('2018-05-09 23:03:10', 174, 28893, 65),
('2018-05-09 23:03:41', 175, 29287, 65),
('2018-05-09 23:04:11', 176, 29300, 65),
('2018-05-09 23:04:41', 177, 29752, 65),
('2018-05-09 23:05:12', 178, 29945, 65),
('2018-05-09 23:05:42', 179, 30170, 65),
('2018-05-09 23:06:12', 180, 30244, 65),
('2018-05-09 23:06:42', 181, 30600, 65),
('2018-05-09 23:07:13', 182, 31062, 65),
('2018-05-09 23:07:43', 183, 31524, 65),
('2018-05-09 23:08:13', 184, 31602, 65),
('2018-05-09 23:08:44', 185, 32055, 65),
('2018-05-09 23:09:14', 186, 32441, 65),
('2018-05-09 23:09:44', 187, 32906, 65),
('2018-05-09 23:10:15', 188, 33113, 65),
('2018-05-09 23:10:45', 189, 33460, 65),
('2018-05-09 23:11:15', 190, 33647, 65),
('2018-05-09 23:11:46', 191, 33781, 65),
('2018-05-09 23:12:16', 192, 34103, 65),
('2018-05-09 23:12:46', 193, 34514, 65),
('2018-05-09 23:13:16', 194, 34941, 65),
('2018-05-09 23:13:47', 195, 35177, 65),
('2018-05-09 23:14:17', 196, 35448, 65),
('2018-05-09 23:14:47', 197, 35897, 65),
('2018-05-09 23:15:18', 198, 36063, 65),
('2018-05-09 23:15:48', 199, 36302, 65),
('2018-05-09 23:16:18', 200, 36794, 65),
('2018-05-09 23:16:49', 201, 36887, 65),
('2018-05-09 23:17:19', 202, 37105, 65),
('2018-05-09 23:17:49', 203, 37551, 65),
('2018-05-09 23:18:19', 204, 37593, 65),
('2018-05-09 23:18:50', 205, 37704, 65),
('2018-05-09 23:19:20', 206, 37755, 65),
('2018-05-09 23:19:50', 207, 37937, 65),
('2018-05-09 23:20:21', 208, 38413, 65),
('2018-05-09 23:20:51', 209, 38492, 65),
('2018-05-09 23:21:21', 210, 38585, 65),
('2018-05-09 23:21:52', 211, 38956, 65),
('2018-05-09 23:22:22', 212, 39148, 65),
('2018-05-09 23:22:52', 213, 39280, 65),
('2018-05-09 23:23:23', 214, 39431, 65),
('2018-05-09 23:23:53', 215, 39782, 65),
('2018-05-09 23:24:23', 216, 39851, 65),
('2018-05-09 23:24:53', 217, 40078, 65),
('2018-05-09 23:25:24', 218, 40479, 65),
('2018-05-09 23:25:54', 219, 40772, 65),
('2018-05-09 23:26:24', 220, 40807, 65),
('2018-05-09 23:26:55', 221, 41219, 65),
('2018-05-09 23:27:25', 222, 41387, 65),
('2018-05-09 23:27:55', 223, 41592, 65),
('2018-05-09 23:28:26', 224, 41836, 65),
('2018-05-09 23:28:56', 225, 41909, 65),
('2018-05-09 23:29:26', 226, 42199, 65),
('2018-05-09 23:29:57', 227, 42413, 65),
('2018-05-09 23:30:27', 228, 42579, 65),
('2018-05-09 23:30:57', 229, 43026, 65),
('2018-05-09 23:31:27', 230, 43258, 65),
('2018-05-09 23:31:58', 231, 43479, 65),
('2018-05-09 23:32:28', 232, 43861, 65),
('2018-05-09 23:32:58', 233, 44025, 65),
('2018-05-09 23:33:29', 234, 44102, 65),
('2018-05-09 23:33:59', 235, 44307, 65),
('2018-05-09 23:34:29', 236, 44648, 65),
('2018-05-09 23:35:00', 237, 45054, 65),
('2018-05-09 23:35:30', 238, 45414, 65),
('2018-05-09 23:36:00', 239, 45855, 65),
('2018-05-09 23:36:31', 240, 46277, 65),
('2018-05-09 23:37:01', 241, 46551, 65),
('2018-05-09 23:37:31', 242, 46669, 65),
('2018-05-09 23:38:01', 243, 46689, 65),
('2018-05-09 23:38:32', 244, 47098, 65),
('2018-05-09 23:39:02', 245, 47394, 65),
('2018-05-09 23:39:32', 246, 47830, 65),
('2018-05-09 23:40:03', 247, 48205, 65),
('2018-05-09 23:40:34', 248, 48473, 65),
('2018-05-09 23:41:04', 249, 48480, 65),
('2018-05-09 23:41:35', 250, 48868, 65),
('2018-05-09 23:42:05', 251, 49326, 65),
('2018-05-09 23:42:35', 252, 49394, 65),
('2018-05-09 23:43:06', 253, 49671, 65),
('2018-05-09 23:43:36', 254, 49777, 65),
('2018-05-09 23:44:06', 255, 50024, 65),
('2018-05-09 23:44:37', 256, 50128, 65),
('2018-05-09 23:45:07', 257, 50255, 65),
('2018-05-09 23:45:37', 258, 50304, 65),
('2018-05-09 23:46:07', 259, 50582, 65),
('2018-05-09 23:46:38', 260, 50840, 65),
('2018-05-09 23:47:08', 261, 51046, 65),
('2018-05-09 23:47:38', 262, 51243, 65),
('2018-05-09 23:48:09', 263, 51638, 65),
('2018-05-09 23:48:39', 264, 51953, 65),
('2018-05-09 23:49:09', 265, 52092, 65),
('2018-05-09 23:49:40', 266, 52184, 65),
('2018-05-09 23:50:10', 267, 52588, 65),
('2018-05-09 23:50:40', 268, 53056, 65),
('2018-05-09 23:51:11', 269, 53449, 65),
('2018-05-09 23:51:41', 270, 53716, 65),
('2018-05-09 23:52:11', 271, 53798, 65),
('2018-05-09 23:52:41', 272, 53977, 65),
('2018-05-09 23:53:12', 273, 54168, 65),
('2018-05-10 09:57:48', 285, 305, 74),
('2018-05-10 09:58:18', 286, 589, 74),
('2018-05-10 09:58:49', 287, 616, 74),
('2018-05-10 09:59:19', 288, 821, 74),
('2018-05-10 13:04:56', 289, 1067, 74),
('2018-05-10 13:05:27', 290, 1261, 74),
('2018-05-10 13:05:57', 291, 1517, 74),
('2018-05-10 13:06:28', 292, 1871, 74),
('2018-05-10 13:06:58', 293, 2021, 74),
('2018-05-10 13:07:29', 294, 2029, 74),
('2018-05-10 13:07:59', 295, 2148, 74),
('2018-05-10 13:08:29', 296, 2427, 74),
('2018-05-10 13:09:00', 297, 2475, 74),
('2018-05-10 13:09:30', 298, 2837, 74),
('2018-05-10 13:10:01', 299, 2923, 74),
('2018-05-10 13:10:31', 300, 2975, 74),
('2018-05-10 13:11:02', 301, 2990, 74),
('2018-05-10 13:11:32', 302, 3060, 74),
('2018-05-10 13:12:02', 303, 3537, 74),
('2018-05-10 13:12:32', 304, 3778, 74),
('2018-05-10 13:13:03', 305, 4068, 74),
('2018-05-10 13:13:33', 306, 4186, 74),
('2018-05-10 13:14:04', 307, 4210, 74),
('2018-05-10 13:14:34', 308, 4555, 74),
('2018-05-10 13:15:05', 309, 4656, 74),
('2018-05-10 13:15:36', 310, 4702, 74),
('2018-05-10 13:16:06', 311, 4860, 74),
('2018-05-10 13:16:39', 312, 5292, 74),
('2018-05-10 13:17:10', 313, 5328, 74),
('2018-05-10 13:17:40', 314, 5787, 74),
('2018-05-10 13:18:10', 315, 5801, 74),
('2018-05-10 13:18:41', 316, 5934, 74),
('2018-05-10 13:19:11', 317, 6291, 74),
('2018-05-10 13:19:41', 318, 6541, 74),
('2018-05-10 13:20:12', 319, 6928, 74),
('2018-05-10 13:20:43', 320, 7397, 74),
('2018-05-10 13:21:13', 321, 7868, 74),
('2018-05-10 13:21:43', 322, 7897, 74),
('2018-05-10 13:22:14', 323, 8298, 74),
('2018-05-10 13:22:44', 324, 8591, 74),
('2018-05-10 13:23:15', 325, 9086, 74),
('2018-05-10 13:23:46', 326, 9109, 74),
('2018-05-10 13:24:16', 327, 9347, 74),
('2018-05-10 13:24:46', 328, 9364, 74),
('2018-05-10 13:25:17', 329, 9486, 74),
('2018-05-10 13:25:47', 330, 9512, 74),
('2018-05-10 13:26:18', 331, 9558, 74),
('2018-05-10 13:26:48', 332, 9827, 74),
('2018-05-10 13:27:18', 333, 10197, 74),
('2018-05-10 13:27:49', 334, 10447, 74),
('2018-05-10 13:28:20', 335, 10482, 74),
('2018-05-10 13:28:51', 336, 10975, 74),
('2018-05-10 13:29:21', 337, 11030, 74),
('2018-05-10 13:29:51', 338, 11367, 74),
('2018-05-10 13:30:22', 339, 11701, 74),
('2018-05-10 13:30:52', 340, 12012, 74),
('2018-05-10 13:31:22', 341, 12141, 74),
('2018-05-10 13:31:53', 342, 12198, 74),
('2018-05-10 13:32:23', 343, 12490, 74),
('2018-05-10 13:32:53', 344, 12528, 74),
('2018-05-10 13:33:24', 345, 12927, 74),
('2018-05-10 13:33:54', 346, 13329, 74),
('2018-05-10 13:34:24', 347, 13538, 74),
('2018-05-10 13:34:55', 348, 13542, 74),
('2018-05-10 14:06:42', 349, 13544, 74),
('2018-05-10 14:07:14', 350, 13741, 74),
('2018-05-10 14:07:47', 351, 13956, 74),
('2018-05-10 14:08:23', 352, 14445, 74),
('2018-05-10 14:08:59', 353, 14648, 74),
('2018-05-10 14:09:29', 354, 14836, 74),
('2018-05-10 14:09:59', 355, 14850, 74),
('2018-05-10 14:10:30', 356, 15210, 74),
('2018-05-10 14:11:00', 357, 15282, 74),
('2018-05-10 14:11:31', 358, 15701, 74),
('2018-05-10 14:12:01', 359, 16063, 74),
('2018-05-10 14:12:32', 360, 16527, 74),
('2018-05-10 14:13:02', 361, 16898, 74),
('2018-05-10 14:13:32', 362, 17136, 74),
('2018-05-10 14:14:03', 363, 17374, 74),
('2018-05-10 14:14:33', 364, 17856, 74),
('2018-05-10 14:15:04', 365, 18205, 74),
('2018-05-10 14:15:34', 366, 18669, 74),
('2018-05-10 14:16:05', 367, 18828, 74),
('2018-05-10 14:16:35', 368, 19146, 74),
('2018-05-10 14:17:05', 369, 19282, 74),
('2018-05-10 14:17:36', 370, 19487, 74),
('2018-05-10 14:18:06', 371, 19725, 74),
('2018-05-10 14:18:37', 372, 20027, 74),
('2018-05-10 14:19:07', 373, 20430, 74),
('2018-05-10 14:19:37', 374, 20526, 74),
('2018-05-10 14:20:08', 375, 20874, 74),
('2018-05-10 14:20:38', 376, 21313, 74),
('2018-05-10 14:21:09', 377, 21413, 74),
('2018-05-10 14:21:39', 378, 21479, 74),
('2018-05-10 14:22:09', 379, 21833, 74),
('2018-05-10 14:22:40', 380, 22227, 74),
('2018-05-10 14:23:10', 381, 22705, 74),
('2018-05-10 14:23:40', 382, 23140, 74),
('2018-05-10 14:24:11', 383, 23425, 74),
('2018-05-10 14:24:41', 384, 23831, 74),
('2018-05-10 14:25:12', 385, 24265, 74),
('2018-05-10 14:25:42', 386, 24624, 74),
('2018-05-10 14:26:13', 387, 25060, 74),
('2018-05-10 14:26:43', 388, 25495, 74),
('2018-05-10 14:27:13', 389, 25568, 74),
('2018-05-10 14:27:44', 390, 25903, 74),
('2018-05-10 14:28:14', 391, 25983, 74),
('2018-05-10 14:28:44', 392, 26082, 74),
('2018-05-10 14:29:15', 393, 26101, 74),
('2018-05-10 14:29:45', 394, 26216, 74),
('2018-05-10 14:30:15', 395, 26672, 74),
('2018-05-10 14:30:46', 396, 26767, 74),
('2018-05-10 14:31:16', 397, 27133, 74),
('2018-05-10 14:31:47', 398, 27274, 74),
('2018-05-10 14:32:17', 399, 27277, 74),
('2018-05-10 14:32:47', 400, 27499, 74),
('2018-05-10 14:33:18', 401, 27994, 74),
('2018-05-10 14:33:48', 402, 28421, 74),
('2018-05-10 14:34:19', 403, 28483, 74),
('2018-05-10 14:34:49', 404, 28772, 74),
('2018-05-10 14:35:19', 405, 28774, 74),
('2018-05-10 14:35:50', 406, 29011, 74),
('2018-05-10 14:36:20', 407, 29479, 74),
('2018-05-10 14:36:51', 408, 29784, 74),
('2018-05-10 14:37:21', 409, 29989, 74),
('2018-05-10 14:37:51', 410, 30184, 74),
('2018-05-10 14:38:22', 411, 30326, 74),
('2018-05-10 14:38:52', 412, 30543, 74),
('2018-05-10 14:39:23', 413, 30874, 74),
('2018-05-10 14:39:53', 414, 30946, 74),
('2018-05-10 14:40:23', 415, 30976, 74),
('2018-05-10 14:40:54', 416, 31329, 74),
('2018-05-10 14:41:24', 417, 31699, 74),
('2018-05-10 14:41:58', 418, 32132, 74),
('2018-05-10 14:42:28', 419, 32463, 74),
('2018-05-10 14:42:58', 420, 32837, 74),
('2018-05-10 14:43:29', 421, 32933, 74),
('2018-05-10 14:43:59', 422, 33093, 74),
('2018-05-10 14:44:30', 423, 33310, 74),
('2018-05-10 14:45:00', 424, 33370, 74),
('2018-05-10 14:45:30', 425, 33865, 74),
('2018-05-10 14:46:01', 426, 34011, 74),
('2018-05-10 14:46:31', 427, 34387, 74),
('2018-05-10 14:47:01', 428, 34497, 74),
('2018-05-10 14:47:32', 429, 34739, 74),
('2018-05-10 14:48:02', 430, 34931, 74),
('2018-05-10 14:48:33', 431, 35063, 74),
('2018-05-10 14:49:03', 432, 35400, 74),
('2018-05-10 14:49:33', 433, 35421, 74),
('2018-05-10 14:50:04', 434, 35439, 74),
('2018-05-10 14:50:34', 435, 35837, 74),
('2018-05-10 14:51:05', 436, 35840, 74),
('2018-05-10 14:51:35', 437, 35885, 74),
('2018-05-10 14:52:05', 438, 36204, 74),
('2018-05-10 14:52:36', 439, 36578, 74),
('2018-05-10 14:53:06', 440, 36896, 74),
('2018-05-10 14:53:37', 441, 37238, 74),
('2018-05-10 14:54:07', 442, 37635, 74),
('2018-05-10 14:54:37', 443, 37878, 74),
('2018-05-10 14:55:08', 444, 38129, 74),
('2018-05-10 14:55:38', 445, 38287, 74),
('2018-05-10 14:56:09', 446, 38566, 74),
('2018-05-10 14:56:39', 447, 38755, 74),
('2018-05-10 14:57:10', 448, 39012, 74),
('2018-05-11 07:42:45', 449, 39085, 74);

-- --------------------------------------------------------

--
-- Table structure for table `pmt_tv_data`
--

CREATE TABLE `pmt_tv_data` (
  `data_id` int(11) NOT NULL,
  `device_id` int(11) NOT NULL,
  `device_status` varchar(45) NOT NULL,
  `KwH` int(11) NOT NULL,
  `data_submitted` timestamp NOT NULL DEFAULT CURRENT_TIMESTAMP
) ENGINE=InnoDB DEFAULT CHARSET=utf8;

--
-- Dumping data for table `pmt_tv_data`
--

INSERT INTO `pmt_tv_data` (`data_id`, `device_id`, `device_status`, `KwH`, `data_submitted`) VALUES
(2, 2, 'on', 2300, '2018-05-04 12:05:45'),
(3, 2, 'off', 2345, '2018-05-07 14:37:38'),
(4, 11, 'on', 2, '2018-05-07 17:19:29'),
(40, 32, 'true', 81, '2018-05-09 14:39:41'),
(41, 32, 'true', 230, '2018-05-09 14:40:11'),
(42, 32, 'false', 216, '2018-05-09 14:40:42'),
(43, 34, 'false', 397, '2018-05-09 14:41:24'),
(44, 34, 'true', 108, '2018-05-09 14:41:55'),
(45, 34, 'true', 341, '2018-05-09 14:42:25'),
(46, 34, 'false', 20, '2018-05-09 14:42:55'),
(47, 34, 'true', 34, '2018-05-09 14:43:25'),
(48, 34, 'true', 6, '2018-05-09 14:43:56'),
(49, 35, 'true', 232, '2018-05-09 14:45:06'),
(50, 35, 'false', 456, '2018-05-09 14:45:36'),
(51, 35, 'true', 118, '2018-05-09 14:46:06'),
(52, 35, 'true', 161, '2018-05-09 14:46:36'),
(53, 35, 'true', 164, '2018-05-09 14:47:06'),
(54, 35, 'false', 63, '2018-05-09 14:47:37'),
(55, 35, 'true', 73, '2018-05-09 14:48:07'),
(56, 41, 'true', 221, '2018-05-09 16:12:42'),
(57, 41, 'true', 123, '2018-05-09 16:13:12'),
(58, 41, 'false', 492, '2018-05-09 16:13:43'),
(817, 82, 'false', 477, '2018-05-10 14:44:01'),
(818, 82, 'true', 251, '2018-05-10 14:44:55'),
(819, 82, 'false', 50, '2018-05-10 14:45:26'),
(820, 82, 'false', 384, '2018-05-10 14:45:56'),
(821, 82, 'false', 437, '2018-05-10 14:46:26'),
(822, 82, 'false', 402, '2018-05-10 14:46:57'),
(823, 82, 'true', 428, '2018-05-10 14:47:27'),
(824, 82, 'true', 32, '2018-05-10 14:47:57'),
(825, 82, 'false', 444, '2018-05-10 14:48:27'),
(826, 82, 'true', 327, '2018-05-10 14:48:57'),
(827, 82, 'true', 72, '2018-05-10 14:49:28'),
(828, 82, 'false', 96, '2018-05-10 14:49:58'),
(829, 82, 'true', 391, '2018-05-10 14:50:28'),
(830, 82, 'true', 408, '2018-05-10 14:50:58'),
(831, 82, 'true', 160, '2018-05-10 14:51:28'),
(832, 82, 'true', 356, '2018-05-10 14:51:59'),
(833, 82, 'false', 382, '2018-05-10 14:52:29'),
(834, 82, 'false', 294, '2018-05-10 14:52:59'),
(835, 82, 'true', 316, '2018-05-10 14:53:29'),
(836, 82, 'true', 280, '2018-05-10 14:54:00'),
(837, 82, 'true', 418, '2018-05-10 14:54:30'),
(838, 82, 'true', 158, '2018-05-10 14:55:00'),
(839, 82, 'true', 187, '2018-05-10 14:55:30'),
(840, 82, 'true', 164, '2018-05-10 14:56:00'),
(841, 82, 'true', 466, '2018-05-10 14:56:31'),
(842, 82, 'false', 154, '2018-05-13 16:41:22'),
(843, 82, 'true', 114, '2018-05-13 16:41:52'),
(844, 82, 'false', 208, '2018-05-13 16:42:22'),
(845, 82, 'true', 297, '2018-05-13 16:42:53'),
(846, 82, 'false', 280, '2018-05-13 16:43:23'),
(847, 82, 'true', 63, '2018-05-13 16:43:53'),
(848, 82, 'true', 171, '2018-05-13 16:44:24'),
(849, 82, 'true', 415, '2018-05-13 16:44:54'),
(850, 82, 'true', 270, '2018-05-13 16:45:24'),
(851, 82, 'false', 59, '2018-05-13 16:45:54'),
(852, 82, 'false', 16, '2018-05-13 16:46:25'),
(853, 82, 'false', 210, '2018-05-13 16:46:55'),
(854, 82, 'false', 11, '2018-05-13 16:47:25'),
(855, 82, 'true', 259, '2018-05-13 16:47:56'),
(856, 82, 'true', 53, '2018-05-13 16:48:26'),
(857, 82, 'true', 344, '2018-05-13 16:48:56'),
(858, 82, 'true', 108, '2018-05-13 16:49:27'),
(859, 82, 'false', 70, '2018-05-13 16:49:57'),
(860, 82, 'false', 416, '2018-05-13 16:50:27'),
(861, 82, 'true', 443, '2018-05-13 16:50:58'),
(862, 82, 'false', 233, '2018-05-13 16:51:28'),
(863, 82, 'false', 285, '2018-05-13 16:51:59'),
(864, 82, 'false', 43, '2018-05-13 16:52:29'),
(865, 82, 'false', 373, '2018-05-13 16:52:59'),
(866, 82, 'true', 142, '2018-05-13 16:53:30'),
(867, 82, 'false', 193, '2018-05-13 16:54:00'),
(868, 82, 'true', 86, '2018-05-13 16:54:30'),
(869, 82, 'false', 283, '2018-05-13 16:55:00'),
(870, 82, 'true', 178, '2018-05-13 16:55:31'),
(871, 82, 'true', 16, '2018-05-13 16:56:01');

-- --------------------------------------------------------

--
-- Table structure for table `pmt_user`
--

CREATE TABLE `pmt_user` (
  `user_id` int(11) NOT NULL,
  `email` varchar(100) NOT NULL,
  `firstname` varchar(50) NOT NULL,
  `lastname` varchar(50) NOT NULL,
  `pass` varchar(200) NOT NULL
) ENGINE=InnoDB DEFAULT CHARSET=utf8;

--
-- Dumping data for table `pmt_user`
--

INSERT INTO `pmt_user` (`user_id`, `email`, `firstname`, `lastname`, `pass`) VALUES
(1, 'kerenza@gmail.com', 'Kerenza', 'Hallett', 'test'),
(2, 'daveyBoi@gmail.com', 'David', 'Szedlak', 'testing2'),
(3, 'ccorbuk@hotmail.co.uk', 'Connor', 'Corbin', '$2y$10$kIn6ptv.a/X4ut54tMKvx.SHiZrsHjCaetsSGXVBUCtVappEVGYLS'),
(4, 'liam.mavin@gmail.com', 'fd', 'fdd', '$2y$10$upGQ8Lo1l22FzV7d1Snbk.Dn3zkzrFPjim/lM0t5ppk2GLzVg/Ao6'),
(5, 'testing@yahoo.com', 'test12', 'test12', '$2y$10$RVedegnUoCWuse8P.Oh3VexFBZx1xQDanodB5ThocbmoDChAyv6Aq'),
(8, 'test@test.com', 'Test', 'Test', '$2y$10$hDztUOAwFCCHeDGFHDi4bedBCMgrpYsQtCmt0dqK/cA6IXOiTjBX.'),
(9, 'tom@gmail.com', 'tom', 'tom', 'test'),
(10, 'Dszedlak@gmail.com', 'David', 'Szedlak', '$2y$10$ULT2dt9oPcEB/rtbw3/WH.8i6h.Be60qILrDpjwLy.Tn7IUr0uH6S'),
(11, 'bob@gmail.com', 'bob', 'szedlak', '$2y$10$axshSRj9cHIYhuL9JvBSce8GMfmqUKcTEwFVhCp4LP6ydmXLYTnZm'),
(12, 'angery@gmail.com', 'anger', 'spee', '$2y$10$.bUsaF5dLlMRVUKCdghC.e7Xik71yY2cuHlCvG3adEbinJavPVIzS'),
(13, 'connieelancaster@hotmail.com', 'Connie', 'Lancaster', '$2y$10$MkuU6Xi.HXdO3/wq56m8ceFoGaWxAD5GWhlS5QZ5WatyaU/fqCLPC'),
(14, 'emma@gmail.com', 'emma', 'swanston', '$2y$10$pW1nZlQ08S1uzdSQsE/XNOCnTtBFT9dQJy6lhPWYLc.o3z4x4jGDK'),
(15, 'ethan@yahoo.com', 'ethan', 'Corbin', '$2y$10$R7gZTF8bnLdnkDDl.utIFut4/3qceDOQQNBV7t7Ny1aXyhKkTP7YC'),
(16, 'callum@yahoo.com', 'Callum', 'Corbin', '$2y$10$1WUYnGqu5X0OPF8QrNU4h..mtxBwCYWW0kM.tcEhJ1CF.qszIab9i'),
(17, 'hallett.kerenza@gmail.com', 'Kerenza', 'Hallett', '$2y$10$FXH0zoF52T/yX5loOfyPd.r7Hg6KpZcUkS5sX8lyzmDqzB29yoc8.'),
(18, 'idk@yahoo.com', 'emma', 'swanston', '$2y$10$ody6PRv0PqlqSzxe1Rd5Pee64QQKgHTnbrVD2tAk/3W176ElagiuS'),
(19, 'ben@yahoo.com', 'Ben', 'Corbin', '$2y$10$qZsGJctVC/bNbyuL/Gm8s.AzMSwEyXhQxCJDXscXD1WxpK.eSRDIq'),
(20, 'Testytest@gmail.com', 'Dan', 'Smith', '$2y$10$lUWvaOxgfcnlDkHrDeJc2OYib/aOT8o0/OXMxF3YfyQE/rARSeW5q'),
(21, 'idk@gmail.com', 'idk', 'idk', '$2y$10$9J9/J63yiKunNrzp1/AOY.icn75SfBcVKIb4T4aXi/hg.phVwCUwu'),
(22, 'test12@gmail.com', 'dan', 'ponny', '$2y$10$qs7if/6h8XR4TXvbEmCkc.3qdcKQHwwsNk9xwW4xsXnm0j0W/AUDu'),
(23, 'wqedf@gmail.com', 'eee', 'eerttt', '$2y$10$C9RHTRCXhO5VAbwB1mnvaetttfNzZasgFj1YURNPdzw.bmmlydopm'),
(24, 'henry@yahoo.com', 'henry', 'lancaster', '$2y$10$MKJ9YJ7Igdd8pGBTL2fniuk4Q.SnV4TzIie9te5zSrbSRThoQ7xBW'),
(25, 'emmaswanston@gmail.com', 'emma', 'swanston', '$2y$10$7jFMyaDe9PyLBJE0j/pg/.YP2EoDsvvUIC0gIPQRw4WXLjYCyKzue'),
(26, 'uwu@gmail.com', 'uwu', ':3', '$2y$10$0OzwbIhXaHhgyXWDLrBUqulCjVhz0GkHymnwKBbAuIU9StqVFDDUq'),
(27, 'jennifer.a.schulze@gmail.com', 'Jennifer', 'Schulze', '$2y$10$3KcMkDi2NtJtenhvL5OlE.8.99MSsQ/kjalHeLhZjsSQrK4VFj416'),
(28, 'tomeasterbrook98@gmail.com', 'Tom', 'Easterbrook', '$2y$10$CzidWuTmKkp3lK0eKASeW.Fum8THkcZ3MLNj/UTjsXyHLtm6w5oIi'),
(29, 'kerenza.hallett@gmail.com', 'Kerenza', 'Hallett', '$2y$10$Rd7Q3ebUJu7KgQwplTRuCeUSOK3.Nhb6mxaGn6Pp/WmqhLkuuMqKC'),
(30, 'liam.wildpants@gmail.com', 'liam', 'Mavin', '$2y$10$T4dyPVD1F78e4ui.iPO0fuCDGC3.yOyvmvQVCjCPzy7ByjzOufAem'),
(31, 's4909653@bournemouth.ac.uk', 'Dom', 'Smith', '$2y$10$N28xcoQQqkteRgEGrPGN7OJB67ZAyDA80YW1YDrh8bJgV7dVJ4poW'),
(32, 'Example2@gmail.com', 'EXAMPLE', 'TESTUSER', '$2y$10$JkX0I7tZPB22/j/Sz6gy1.E40VjO6AJp3hxY3q4oWhKY/RM1PjKlC'),
(33, 'example5@gmail.com', 'exo', 'ample', '$2y$10$9Dwc5PeIe2byQ5Zh8.SZ1eoem3kEoqWjosjV5B4wC2zXBLcCNL35.'),
(34, 'exampleuser@gmail.com', 'Exo', 'User', '$2y$10$EtuHtxYyIS1ZDuNBjy0R0Oypu/qBvo82S46i6FI7IfMDUBODLkEwa'),
(35, 'fail4@gmail.com', 'demo', 'fail', '$2y$10$VpVX.qAtIleaf7umW.P5S.OlgeYXygylHjf8wGv.dN3mJ2jsZB5Ma');

-- --------------------------------------------------------

--
-- Table structure for table `pmt_water_monitor_data`
--

CREATE TABLE `pmt_water_monitor_data` (
  `data_id` int(11) NOT NULL,
  `water_used` int(11) NOT NULL,
  `waste_water` int(11) NOT NULL,
  `data_submitted` timestamp NULL DEFAULT CURRENT_TIMESTAMP,
  `device_id` int(11) NOT NULL
) ENGINE=InnoDB DEFAULT CHARSET=utf8;

--
-- Dumping data for table `pmt_water_monitor_data`
--

INSERT INTO `pmt_water_monitor_data` (`data_id`, `water_used`, `waste_water`, `data_submitted`, `device_id`) VALUES
(1, 400, 210, '2018-05-04 12:06:16', 7),
(2, 942, 506, '2018-05-09 16:53:17', 49),
(3, 717, 622, '2018-05-09 16:53:47', 49),
(4, 112, 17, '2018-05-09 16:54:18', 49),
(5, 656, 569, '2018-05-09 16:54:48', 49),
(11, 276, 90, '2018-05-10 10:00:25', 75),
(12, 643, 195, '2018-05-10 10:00:55', 75);

--
-- Indexes for dumped tables
--

--
-- Indexes for table `pmt_devices`
--
ALTER TABLE `pmt_devices`
  ADD PRIMARY KEY (`device_id`),
  ADD KEY `pmt_user_id_fk` (`user_id`),
  ADD KEY `pmt_devices_pmt_device_types_id_fk` (`device_type`);

--
-- Indexes for table `pmt_device_keys`
--
ALTER TABLE `pmt_device_keys`
  ADD PRIMARY KEY (`activation_id`),
  ADD KEY `pmt_device_keys_pmt_device_types_id_fk` (`device_type`);

--
-- Indexes for table `pmt_device_types`
--
ALTER TABLE `pmt_device_types`
  ADD PRIMARY KEY (`id`),
  ADD UNIQUE KEY `pmt_device_types_type_name_uindex` (`type_name`);

--
-- Indexes for table `pmt_energy_monitor_data`
--
ALTER TABLE `pmt_energy_monitor_data`
  ADD PRIMARY KEY (`data_id`),
  ADD KEY `pmt_energy_monitor_data_pmt_devices_device_id_fk` (`device_id`);

--
-- Indexes for table `pmt_fridge_data`
--
ALTER TABLE `pmt_fridge_data`
  ADD PRIMARY KEY (`data_id`),
  ADD KEY `pmt_fridge_data_pmt_devices_device_id_fk` (`device_id`);

--
-- Indexes for table `pmt_heating_system_data`
--
ALTER TABLE `pmt_heating_system_data`
  ADD PRIMARY KEY (`data_id`),
  ADD KEY `pmt_heating_system_data_pmt_devices_device_id_fk` (`device_id`);

--
-- Indexes for table `pmt_light_bulb_data`
--
ALTER TABLE `pmt_light_bulb_data`
  ADD PRIMARY KEY (`data_id`),
  ADD KEY `pmt_light_bulb_data_pmt_devices_device_id_fk` (`device_id`);

--
-- Indexes for table `pmt_smart_gas_meter_data`
--
ALTER TABLE `pmt_smart_gas_meter_data`
  ADD PRIMARY KEY (`data_id`),
  ADD KEY `pmt_smart_gas_meter_data_pmt_devices_device_id_fk` (`device_id`);

--
-- Indexes for table `pmt_tv_data`
--
ALTER TABLE `pmt_tv_data`
  ADD PRIMARY KEY (`data_id`),
  ADD KEY `pmt_tv_data_pmt_devices_device_id_fk` (`device_id`);

--
-- Indexes for table `pmt_user`
--
ALTER TABLE `pmt_user`
  ADD PRIMARY KEY (`user_id`);

--
-- Indexes for table `pmt_water_monitor_data`
--
ALTER TABLE `pmt_water_monitor_data`
  ADD PRIMARY KEY (`data_id`),
  ADD KEY `pmt_water_monitor_data_pmt_devices_device_id_fk` (`device_id`);

--
-- AUTO_INCREMENT for dumped tables
--

--
-- AUTO_INCREMENT for table `pmt_devices`
--
ALTER TABLE `pmt_devices`
  MODIFY `device_id` int(11) NOT NULL AUTO_INCREMENT, AUTO_INCREMENT=83;

--
-- AUTO_INCREMENT for table `pmt_device_keys`
--
ALTER TABLE `pmt_device_keys`
  MODIFY `activation_id` int(11) NOT NULL AUTO_INCREMENT, AUTO_INCREMENT=74;

--
-- AUTO_INCREMENT for table `pmt_device_types`
--
ALTER TABLE `pmt_device_types`
  MODIFY `id` int(11) NOT NULL AUTO_INCREMENT, AUTO_INCREMENT=8;

--
-- AUTO_INCREMENT for table `pmt_energy_monitor_data`
--
ALTER TABLE `pmt_energy_monitor_data`
  MODIFY `data_id` int(11) NOT NULL AUTO_INCREMENT, AUTO_INCREMENT=3;

--
-- AUTO_INCREMENT for table `pmt_fridge_data`
--
ALTER TABLE `pmt_fridge_data`
  MODIFY `data_id` int(11) NOT NULL AUTO_INCREMENT, AUTO_INCREMENT=113;

--
-- AUTO_INCREMENT for table `pmt_heating_system_data`
--
ALTER TABLE `pmt_heating_system_data`
  MODIFY `data_id` int(11) NOT NULL AUTO_INCREMENT, AUTO_INCREMENT=212;

--
-- AUTO_INCREMENT for table `pmt_light_bulb_data`
--
ALTER TABLE `pmt_light_bulb_data`
  MODIFY `data_id` int(11) NOT NULL AUTO_INCREMENT, AUTO_INCREMENT=4;

--
-- AUTO_INCREMENT for table `pmt_smart_gas_meter_data`
--
ALTER TABLE `pmt_smart_gas_meter_data`
  MODIFY `data_id` int(11) NOT NULL AUTO_INCREMENT, AUTO_INCREMENT=450;

--
-- AUTO_INCREMENT for table `pmt_tv_data`
--
ALTER TABLE `pmt_tv_data`
  MODIFY `data_id` int(11) NOT NULL AUTO_INCREMENT, AUTO_INCREMENT=872;

--
-- AUTO_INCREMENT for table `pmt_user`
--
ALTER TABLE `pmt_user`
  MODIFY `user_id` int(11) NOT NULL AUTO_INCREMENT, AUTO_INCREMENT=36;

--
-- AUTO_INCREMENT for table `pmt_water_monitor_data`
--
ALTER TABLE `pmt_water_monitor_data`
  MODIFY `data_id` int(11) NOT NULL AUTO_INCREMENT, AUTO_INCREMENT=13;

--
-- Constraints for dumped tables
--

--
-- Constraints for table `pmt_devices`
--
ALTER TABLE `pmt_devices`
  ADD CONSTRAINT `pmt_devices_pmt_device_types_id_fk` FOREIGN KEY (`device_type`) REFERENCES `pmt_device_types` (`id`),
  ADD CONSTRAINT `pmt_user_id_fk` FOREIGN KEY (`user_id`) REFERENCES `pmt_user` (`user_id`);

--
-- Constraints for table `pmt_device_keys`
--
ALTER TABLE `pmt_device_keys`
  ADD CONSTRAINT `pmt_device_keys_pmt_device_types_id_fk` FOREIGN KEY (`device_type`) REFERENCES `pmt_device_types` (`id`);

--
-- Constraints for table `pmt_energy_monitor_data`
--
ALTER TABLE `pmt_energy_monitor_data`
  ADD CONSTRAINT `pmt_energy_monitor_data_pmt_devices_device_id_fk` FOREIGN KEY (`device_id`) REFERENCES `pmt_devices` (`device_id`);

--
-- Constraints for table `pmt_fridge_data`
--
ALTER TABLE `pmt_fridge_data`
  ADD CONSTRAINT `pmt_fridge_data_pmt_devices_device_id_fk` FOREIGN KEY (`device_id`) REFERENCES `pmt_devices` (`device_id`);

--
-- Constraints for table `pmt_heating_system_data`
--
ALTER TABLE `pmt_heating_system_data`
  ADD CONSTRAINT `pmt_heating_system_data_pmt_devices_device_id_fk` FOREIGN KEY (`device_id`) REFERENCES `pmt_devices` (`device_id`);

--
-- Constraints for table `pmt_light_bulb_data`
--
ALTER TABLE `pmt_light_bulb_data`
  ADD CONSTRAINT `pmt_light_bulb_data_pmt_devices_device_id_fk` FOREIGN KEY (`device_id`) REFERENCES `pmt_devices` (`device_id`);

--
-- Constraints for table `pmt_smart_gas_meter_data`
--
ALTER TABLE `pmt_smart_gas_meter_data`
  ADD CONSTRAINT `pmt_smart_gas_meter_data_pmt_devices_device_id_fk` FOREIGN KEY (`device_id`) REFERENCES `pmt_devices` (`device_id`);

--
-- Constraints for table `pmt_tv_data`
--
ALTER TABLE `pmt_tv_data`
  ADD CONSTRAINT `pmt_tv_data_pmt_devices_device_id_fk` FOREIGN KEY (`device_id`) REFERENCES `pmt_devices` (`device_id`);

--
-- Constraints for table `pmt_water_monitor_data`
--
ALTER TABLE `pmt_water_monitor_data`
  ADD CONSTRAINT `pmt_water_monitor_data_pmt_devices_device_id_fk` FOREIGN KEY (`device_id`) REFERENCES `pmt_devices` (`device_id`);
COMMIT;

/*!40101 SET CHARACTER_SET_CLIENT=@OLD_CHARACTER_SET_CLIENT */;
/*!40101 SET CHARACTER_SET_RESULTS=@OLD_CHARACTER_SET_RESULTS */;
/*!40101 SET COLLATION_CONNECTION=@OLD_COLLATION_CONNECTION */;
